tag,n_shot,seed,ckpt_path,overall_accuracy,mean_class_accuracy,precision,recall,f1_score
n_shot_05_seed_42,5,42,/home/users/nus/xxxxxxxx/jepa/artifacts/lightning_logs/version_524/checkpoints/epoch=99-step=600.ckpt,0.4056,0.4138,0.3884,0.4138,0.3763
n_shot_05_seed_1337,5,1337,/home/users/nus/xxxxxxxx/jepa/artifacts/lightning_logs/version_526/checkpoints/epoch=99-step=600.ckpt,0.417,0.4231,0.4201,0.4231,0.3835
n_shot_05_seed_2026,5,2026,/home/users/nus/xxxxxxxx/jepa/artifacts/lightning_logs/version_528/checkpoints/epoch=99-step=600.ckpt,0.4355,0.425,0.4405,0.425,0.4033
n_shot_05_seed_3407,5,3407,/home/users/nus/xxxxxxxx/jepa/artifacts/lightning_logs/version_530/checkpoints/epoch=99-step=600.ckpt,0.4044,0.3847,0.3758,0.3847,0.3635
n_shot_05_seed_3105,5,3105,/home/users/nus/xxxxxxxx/jepa/artifacts/lightning_logs/version_532/checkpoints/epoch=99-step=600.ckpt,0.3665,0.3786,0.3742,0.3786,0.3378
n_shot_10_seed_42,10,42,/home/users/nus/xxxxxxxx/jepa/artifacts/lightning_logs/version_534/checkpoints/epoch=99-step=1200.ckpt,0.496,0.4986,0.5198,0.4986,0.4667
n_shot_10_seed_1337,10,1337,/home/users/nus/xxxxxxxx/jepa/artifacts/lightning_logs/version_536/checkpoints/epoch=99-step=1200.ckpt,0.5036,0.5155,0.4975,0.5155,0.4783
n_shot_10_seed_2026,10,2026,/home/users/nus/xxxxxxxx/jepa/artifacts/lightning_logs/version_538/checkpoints/epoch=99-step=1200.ckpt,0.5103,0.5206,0.4865,0.5206,0.4724
n_shot_10_seed_3407,10,3407,/home/users/nus/xxxxxxxx/jepa/artifacts/lightning_logs/version_540/checkpoints/epoch=99-step=1200.ckpt,0.5107,0.4992,0.5023,0.4992,0.4774
n_shot_10_seed_3105,10,3105,/home/users/nus/xxxxxxxx/jepa/artifacts/lightning_logs/version_542/checkpoints/epoch=99-step=1200.ckpt,0.5469,0.5367,0.536,0.5367,0.5114
n_shot_18_seed_42,18,42,/home/users/nus/xxxxxxxx/jepa/artifacts/lightning_logs/version_544/checkpoints/epoch=99-step=2200.ckpt,0.5965,0.6021,0.5814,0.6021,0.5675
n_shot_18_seed_1337,18,1337,/home/users/nus/xxxxxxxx/jepa/artifacts/lightning_logs/version_546/checkpoints/epoch=99-step=2200.ckpt,0.5944,0.6068,0.586,0.6068,0.5704
n_shot_18_seed_2026,18,2026,/home/users/nus/xxxxxxxx/jepa/artifacts/lightning_logs/version_548/checkpoints/epoch=99-step=2200.ckpt,0.6225,0.6267,0.5946,0.6267,0.5895
n_shot_18_seed_3407,18,3407,/home/users/nus/xxxxxxxx/jepa/artifacts/lightning_logs/version_550/checkpoints/epoch=99-step=2200.ckpt,0.5851,0.5982,0.5805,0.5982,0.5581
n_shot_18_seed_3105,18,3105,/home/users/nus/xxxxxxxx/jepa/artifacts/lightning_logs/version_552/checkpoints/epoch=99-step=2200.ckpt,0.5977,0.5989,0.5952,0.5989,0.5757
n_shot_25_seed_42,25,42,/home/users/nus/xxxxxxxx/jepa/artifacts/lightning_logs/version_554/checkpoints/epoch=99-step=3100.ckpt,0.6217,0.6361,0.6293,0.6361,0.611
n_shot_25_seed_1337,25,1337,/home/users/nus/xxxxxxxx/jepa/artifacts/lightning_logs/version_556/checkpoints/epoch=99-step=3100.ckpt,0.6154,0.6084,0.6327,0.6084,0.6012
n_shot_25_seed_2026,25,2026,/home/users/nus/xxxxxxxx/jepa/artifacts/lightning_logs/version_558/checkpoints/epoch=99-step=3100.ckpt,0.6183,0.645,0.6091,0.645,0.5975
n_shot_25_seed_3407,25,3407,/home/users/nus/xxxxxxxx/jepa/artifacts/lightning_logs/version_560/checkpoints/epoch=99-step=3100.ckpt,0.6272,0.6454,0.617,0.6454,0.6063
n_shot_25_seed_3105,25,3105,/home/users/nus/xxxxxxxx/jepa/artifacts/lightning_logs/version_562/checkpoints/epoch=99-step=3100.ckpt,0.6263,0.6303,0.627,0.6303,0.6033
n_shot_30_seed_42,30,42,/home/users/nus/xxxxxxxx/jepa/artifacts/lightning_logs/version_564/checkpoints/epoch=99-step=3700.ckpt,0.6414,0.6327,0.636,0.6327,0.6194
n_shot_30_seed_1337,30,1337,/home/users/nus/xxxxxxxx/jepa/artifacts/lightning_logs/version_566/checkpoints/epoch=99-step=3700.ckpt,0.6553,0.667,0.6474,0.667,0.6361
n_shot_30_seed_2026,30,2026,/home/users/nus/xxxxxxxx/jepa/artifacts/lightning_logs/version_568/checkpoints/epoch=99-step=3700.ckpt,0.6549,0.6641,0.6281,0.6641,0.6238
n_shot_30_seed_3407,30,3407,/home/users/nus/xxxxxxxx/jepa/artifacts/lightning_logs/version_570/checkpoints/epoch=99-step=3700.ckpt,0.6604,0.6639,0.6411,0.6639,0.6429
n_shot_30_seed_3105,30,3105,/home/users/nus/xxxxxxxx/jepa/artifacts/lightning_logs/version_572/checkpoints/epoch=99-step=3700.ckpt,0.6726,0.6694,0.6605,0.6694,0.6522
n_shot_36_seed_42,36,42,/home/users/nus/xxxxxxxx/jepa/artifacts/lightning_logs/version_574/checkpoints/epoch=99-step=4500.ckpt,0.673,0.692,0.6854,0.692,0.6744
n_shot_36_seed_1337,36,1337,/home/users/nus/xxxxxxxx/jepa/artifacts/lightning_logs/version_576/checkpoints/epoch=99-step=4500.ckpt,0.6692,0.6823,0.6471,0.6823,0.6466
n_shot_36_seed_2026,36,2026,/home/users/nus/xxxxxxxx/jepa/artifacts/lightning_logs/version_578/checkpoints/epoch=99-step=4500.ckpt,0.673,0.6926,0.6635,0.6926,0.661
n_shot_36_seed_3407,36,3407,/home/users/nus/xxxxxxxx/jepa/artifacts/lightning_logs/version_580/checkpoints/epoch=99-step=4500.ckpt,0.6511,0.6717,0.672,0.6717,0.6495
n_shot_36_seed_3105,36,3105,/home/users/nus/xxxxxxxx/jepa/artifacts/lightning_logs/version_582/checkpoints/epoch=99-step=4500.ckpt,0.6545,0.6791,0.6465,0.6791,0.6373
